产品简称,return2012,成立日期,投资顾问,投资经理
银帆3期,54.44 ,2011/7/27,银帆投资,--
云腾1期,53.59 ,2011/3/9,云腾投资,王庆仁 顾涛
呈瑞1期,44.13 ,2010/10/25,呈瑞投资,沈守传
金石理财一期,40.78 ,2010/8/30,金石投资,--
鼎锋4号,28.37 ,2010/8/10,鼎锋资产,王小刚
鼎锋8期,27.94 ,2010/10/8,鼎锋资产,王小刚
兴业玉麒麟2号,27.24 ,2011/6/3,兴业证券,朱烈 杨定光
泽里和1号,26.88 ,2011/8/15,泽里和,周建新
平安证大一期,26.78 ,2007/2/5,证大投资,朱南松
混沌1号,26.70 ,2008/10/21,混沌投资,王歆
宏创,26.50 ,2009/3/26,宏创投资,--
未尔弗一期,25.87 ,2008/4/16,未尔弗,--
德源安1期,25.86 ,2010/12/20,德源安,许良胜
泽熙3期,25.67 ,2010/7/7,泽熙投资,徐翔
中国龙资本,25.22 ,2003/8/1,涌峰投资,赵凯
先机策略精选,25.13 ,2011/4/11,太和先机,谢勇
光大集结号收益型一..,25.01 ,2010/6/12,光大证券资产,王杭 伍祁平 谢锋
创赢1号,24.38 ,2008/12/18,宝银创赢,崔军
金中和东升,24.29 ,2010/12/8,金中和投资,刘国平
高恒1期,24.21 ,2011/3/7,高恒资产,--
德源安1号,24.05 ,2009/5/27,德源安,许良胜
银帆一期(铂金1号..,23.62 ,2011/6/30,银帆投资,--
嘉禾1号,23.55 ,2010/9/25,琪润投资,洪涛
长金7号,23.42 ,2010/8/11,长金投资,郑晓军
赢隆1期,22.99 ,2009/9/1,赢隆资产,周兵
中国龙稳健,22.96 ,2006/12/26,涌峰投资,赵凯
财富1期,22.91 ,2011/11/18,和聚基金,--
中国龙稳健四,22.21 ,2009/3/18,涌峰投资,赵凯
鼎锋成长一期,22.18 ,2008/11/4,鼎锋资产,张高
清水源1号,22.17 ,2011/11/23,清水源,张小川
国富精选二号,21.08 ,2009/12/17,国富投资,陈海峰
鼎锋2期,21.05 ,2010/4/27,鼎锋资产,张高
中国龙增长,20.98 ,2007/4/30,涌峰投资,王庆华
富鹏2期(德源安战..,20.63 ,2010/3/16,外贸信托,姚少杰 费鹏 车广义
中国龙精选,20.52 ,2007/6/15,涌峰投资,王庆华
德源安战略成长3号,20.48 ,2011/7/6,德源安,许良胜
锐集一号,20.47 ,2009/5/4,锐集投资,--
金泰瑞丰(乾清),20.12 ,2010/10/12,中金公司,史琳
中国龙精选二,19.83 ,2008/8/8,涌峰投资,王庆华
银帆2期,19.53 ,2011/8/31,银帆投资,--
国富精选三号,19.45 ,2010/2/3,国富投资,陈海峰
巨柏1号,19.41 ,2010/4/16,巨柏基金,祝朝安
中国龙增长二,19.40 ,2007/10/19,涌峰投资,王庆华
神农1期,19.31 ,2010/7/28,神农投资,陈宇
长金11号,19.10 ,2011/6/15,长金投资,郑晓军
双赢12期(彤源),18.69 ,2011/6/10,彤源投资,任云鹤
重阳1期,18.68 ,2008/9/5,重阳投资,裘国根
同威一期,18.61 ,2009/12/18,同威资产,李驰
汇利优选9期,18.60 ,2010/10/8,汇利资产,何震 侯逸
金中和1期,18.51 ,2010/6/4,金中和投资,刘国平
中行TOT成长组合..,18.38 ,2011/5/11,景林资产,蒋锦志
中国龙回报1期,18.29 ,2011/5/4,涌峰投资,赵凯
紫晶石(T-020..,18.19 ,2009/12/11,--,--
源乐晟6期,18.18 ,2010/7/28,源乐晟,曾晓洁
明达4期,17.99 ,2010/11/5,明达资产,刘明达
柘弓1期,17.85 ,2009/12/7,柘弓投资,陶然峰
民森K号,17.49 ,2010/6/4,民森投资,蔡明
明达,17.49 ,2005/11/28,明达资产,刘明达
金谷1号,17.23 ,2011/7/4,湘财证券,--
理成风景2号,17.19 ,2009/9/15,理成资产,杨玉山
重阳6期,17.12 ,2010/1/6,重阳投资,裘国根 陈心
长金9号,17.05 ,2011/1/18,长金投资,郑晓军
浙商金惠1号,16.99 ,2010/7/1,浙商证券资产,张宁 周良 王翊
中行TOT成长组合..,16.92 ,2011/5/11,鼎锋资产,张高
重阳2期,16.91 ,2008/12/12,重阳投资,裘国根
浙商金惠引航,16.84 ,2010/12/27,浙商证券资产,芮晨 周良 陈旻
重阳精选C号,16.73 ,2011/6/29,重阳投资,裘国根
重阳10期,16.70 ,2011/8/19,重阳投资,王晓华 裘国根 陈子木
金狮142号,16.64 ,2011/7/22,--,--
源乐晟2期,16.62 ,2010/1/28,源乐晟,曾晓洁
塔晶狮王,16.58 ,2007/9/3,塔晶投资,冷再清
塔晶狮王二号,16.28 ,2007/10/8,塔晶投资,冷再清
双赢11期(鼎锋),16.24 ,2011/8/4,鼎锋资产,张高
开宝2期,16.23 ,2010/6/1,开宝资产,叶猷建
投资精英之长青藤A,16.18 ,2011/1/30,长青藤资产,潘海峰
重阳8期,16.08 ,2011/7/1,重阳投资,裘国根 陈心
彤源2号,15.97 ,2009/10/30,彤源投资,任云鹤
宏石1号(2),15.88 ,2009/2/26,昶钰投资,张磊
泓湖6期,15.83 ,2010/11/9,泓湖投资,梁文涛
源乐晟4期,15.80 ,2010/4/29,源乐晟,曾晓洁
瑞华彤源卓越2期,15.73 ,2011/1/12,瑞华投资,张建斌
爱康1号(鼎锋11..,15.57 ,2011/1/14,鼎锋资产,张高 李霖君
泽熙5期,15.52 ,2010/7/30,泽熙投资,徐翔
国富精选五号,15.51 ,2010/8/4,国富投资,陈海峰
立华合伙1期,15.51 ,2008/9/26,立华投资,王政
恒复趋势1号,15.44 ,2009/1/20,恒复投资,刘强
混沌2号,15.29 ,2009/6/22,混沌投资,王歆
鼎锋5期,15.28 ,2011/2/12,鼎锋资产,李霖君
兴业玉麒麟1号,15.22 ,2011/1/20,兴业证券,李劲松 朱烈 杨定光
和聚8期,15.22 ,2011/9/23,北京和聚投资,李泽刚
创金灵活成长1期,15.20 ,2011/7/5,第一创业,曹春林 苏彦祝 李志锐 刘树祥
融裕13号利升3期,15.19 ,2011/8/10,利升锐华,黄国海
紫晶石稳优(T-5..,14.93 ,2011/7/28,朴道投资,胡卿瑞
重阳9期,14.91 ,2011/8/18,重阳投资,裘国根 陈子木
明华新兴成长,14.78 ,2011/2/15,明华信德,陈明贤
源乐晟5期,14.71 ,2010/7/30,源乐晟,曾晓洁
富锦10期(重阳),14.70 ,2011/8/4,重阳投资,裘国根
朴道一期,14.54 ,2011/3/16,朴道投资,胡卿瑞
投资精英之重阳A,14.53 ,2011/11/21,重阳投资,裘国根 陈子木
中行TOT成长组合..,14.50 ,2011/5/11,源乐晟,曾晓洁
泓湖1期,14.30 ,2007/2/16,泓湖投资,梁文涛
和聚9期,14.27 ,2011/7/1,北京和聚投资,李泽刚
福麟13号(泓湖3..,14.24 ,2010/6/30,泓湖投资,梁文涛
平石尊悦,14.18 ,2010/1/5,平石资产,尹志平
源乐晟3期(富锦2..,14.18 ,2010/5/28,源乐晟,曾晓洁
景富同1期,14.16 ,2010/6/23,景富同投资,王卫东
新嘉诚1期,14.12 ,2011/7/4,--,--
源乐晟9期,13.97 ,2010/11/5,源乐晟,曾晓洁
金融战士1号,13.97 ,2011/2/21,康成亨,张耀东
源乐晟3-1期,13.93 ,2011/9/29,源乐晟,曾晓洁
毅扬1期,13.89 ,2010/11/8,毅扬投资,梁丰 郭楷泽
泓湖2期,13.89 ,2009/11/24,泓湖投资,梁文涛
源乐晟10期,13.82 ,2011/2/22,源乐晟,曾晓洁
中域增值1期,13.72 ,2009/7/22,中域投资,袁鹏涛
长金4号,13.59 ,2009/6/23,长金投资,郑晓军
展博1期,13.51 ,2009/6/15,展博投资,陈锋
源乐晟7期,13.47 ,2010/10/8,源乐晟,曾晓洁
实力旗舰,13.46 ,2010/6/10,实力资产,陈理
新价值15期,13.46 ,2010/9/2,新价值,罗伟广
万丰友方避险增值1..,13.34 ,2009/6/17,万丰友方,陈益和 陈浩青
四海一号,13.33 ,2011/6/7,四海投资,--
国富投资专户3号,13.32 ,2011/10/18,国富投资,陈海峰
双赢5期(民森),13.32 ,2009/9/29,民森投资,蔡明
久铭一期,13.32 ,2009/2/24,久铭投资,王华
重阳3期,13.27 ,2009/9/2,重阳投资,裘国根 陈心
国富投资专户2号,13.27 ,2011/10/18,国富投资,陈海峰
源乐晟11期,13.24 ,2011/3/16,源乐晟,曾晓洁
重阳目标回报1期,13.24 ,2011/9/1,重阳投资,裘国根 陈子木
展博精选B号,13.22 ,2010/12/29,展博投资,陈锋
展博精选A号,13.21 ,2010/12/29,展博投资,陈锋
同威3期,12.95 ,2009/7/30,同威资产,李驰
格雷一期,12.92 ,2011/1/10,格雷投资,张可兴
恒丰1期,12.89 ,2010/6/10,银沙创投,陈军
证研1期,12.88 ,2009/7/3,证研投资,宋晓辉
景富同2期,12.85 ,2010/10/26,景富同投资,王卫东
实力稳进,12.79 ,2011/3/22,实力资产,陈理
格雷二期,12.70 ,2011/5/20,格雷投资,张可兴
和聚7期,12.58 ,2011/4/29,北京和聚投资,李泽刚
鼎泰岩1期,12.53 ,2011/11/18,鼎泰岩投资,陈晓东
明华一期,12.50 ,2010/4/20,明华信德,陈明贤
富锦6号(金中和),12.47 ,2010/8/30,金中和投资,曾军 何滨
和聚4期,12.47 ,2010/4/14,北京和聚投资,李泽刚
投资精英之展博A,12.42 ,2011/9/28,展博投资,陈锋
民森F号,12.41 ,2009/8/17,民森投资,蔡明
鼎诺秋实1期,12.33 ,2009/12/7,鼎诺投资,黄弢
乐晟精选,12.30 ,2008/7/8,源乐晟,曾晓洁
得利宝重阳5期,12.25 ,2009/12/11,重阳投资,裘国根 陈心
和聚2期,12.14 ,2010/3/18,北京和聚投资,李泽刚
民森E号,12.12 ,2009/7/23,民森投资,蔡明
泓湖5期,12.06 ,2010/12/31,泓湖投资,梁文涛
民森G号,12.03 ,2009/8/17,民森投资,蔡明
菁英时代成长2号,12.02 ,2010/5/28,菁英时代,陈宏超
鼎诺风险缓冲1期,12.02 ,2011/6/13,鼎诺投资,黄弢
万丰友方避险增值2..,12.01 ,2009/6/17,万丰友方,陈益和 陈浩青
恒德1期,12.01 ,2010/7/21,恒德投资,王瑜
和聚1期,11.97 ,2009/7/14,北京和聚投资,李泽刚
金狮199号,11.86 ,2011/5/20,--,--
和聚5期,11.81 ,2010/5/28,北京和聚投资,李泽刚
昭时二期,11.78 ,2011/12/25,昭时投资,李云峰
高信百诺1期,11.63 ,2010/11/25,高信百诺,孙威
鼎锋12期,11.50 ,2010/12/21,鼎锋资产,李霖君
和聚3期,11.46 ,2010/4/20,北京和聚投资,李泽刚
升阳1期,11.16 ,2010/8/19,升阳资产,--
民森H号,11.14 ,2009/12/18,民森投资,蔡明
lighthors..,11.06 ,2006/10/9,天马资产,康晓阳
聚益1号,11.05 ,2009/9/28,聚益投资,汤小生
融新254号展博3..,10.87 ,2011/4/27,展博投资,宋向宇
金狮184号,10.84 ,2011/5/20,--,--
新思哲1期,10.41 ,2010/4/21,新思哲,韩广斌
东方港湾1期,10.39 ,2010/12/31,东方港湾,但斌
双赢13期(鸿道),10.27 ,2011/6/10,鸿道投资,孙建冬
执耳医药,10.21 ,2010/9/28,执耳投资,朱爱国
同威增值2期,10.19 ,2009/9/3,同威资产,--
重阳7期,10.13 ,2011/5/26,重阳投资,裘国根 陈心
重阳精选B号,10.10 ,2011/5/20,重阳投资,裘国根 陈心
景林丰收,10.08 ,2007/3/30,景林资产,蒋锦志
红山1期,9.91 ,2007/9/6,红山投资,李雅非
毅扬2期,9.89 ,2011/9/30,毅扬投资,梁丰 李志嘉
汇信华安1号,9.89 ,2011/11/30,华安基金,--
天马一期,9.84 ,2011/11/21,天马时代,马列
通用汇锦1号,9.74 ,2010/5/6,通用投资,鲍晓冰
世诚扬子2号,9.69 ,2008/4/18,世诚投资,陈家琳
游消费板块(上信-..,9.47 ,2010/3/9,国泰基金,--
展博2期,9.38 ,2010/8/4,展博投资,陈锋 余爱斌
同威增值3期,9.34 ,2009/9/18,同威资产,李驰
积胜1期,9.32 ,2009/12/31,积吉胜,张仁才
升阳2期,9.24 ,2010/9/17,升阳资产,--
慧安5号,9.22 ,2010/6/3,慧安投资,沈一慧
合德丰泰,9.13 ,2008/3/15,合德丰泰,王宇
金中和1期,9.08 ,2008/11/3,金中和投资,刘国平
金中和4期,8.92 ,2009/6/3,金中和投资,刘国平
中国龙进取,8.90 ,2004/6/15,涌峰投资,李莉芳
从容成长1期,8.70 ,2009/4/8,从容投资,吕俊
升阳5期,8.66 ,2011/12/28,升阳资产,--
双赢10期(淡水泉..,8.64 ,2011/4/28,淡水泉,赵军
谦石1号,8.54 ,2010/10/15,谦石投资,李追阳
中国龙价值六,8.50 ,2007/12/4,涌峰投资,马宏
宝晟,8.49 ,2011/9/20,--,--
海洋之星1号,8.48 ,2007/9/30,东方证券,周博胜
金狮102号,8.44 ,2011/10/14,--,--
金狮182号,8.35 ,2011/5/20,--,--
向日葵1号,8.26 ,2008/4/22,向日葵,陈靖吾
中国龙价值五,8.20 ,2007/11/22,涌峰投资,马宏
否极泰,8.18 ,2010/6/1,否极泰,董宝珍
聚发(11)混沌1..,8.10 ,2010/3/16,混沌投资,王歆
量化成长1期,8.08 ,2011/3/18,瀚鑫泰安,--
安苏1号,8.03 ,2009/4/20,安苏投资,--
鸿道4期,8.01 ,2011/6/21,鸿道投资,孙建冬
枫岭1期,7.88 ,2009/5/19,枫岭投资,程杰
国投飞天2号,7.87 ,2009/6/24,国投信托,--
平安价值投资一期,7.80 ,2006/6/12,惠理基金,谢清海
惠理价值一期,7.80 ,2011/5/16,惠理基金,谢清海
惠理价值二期,7.80 ,2011/8/11,惠理基金,谢清海
从容成长2期,7.78 ,2009/6/18,从容投资,吕俊
精熙,7.76 ,2009/2/27,精熙投资,夏宁
康成亨1期,7.71 ,2009/5/22,康成亨,张耀东
中国龙价值二,7.68 ,2007/7/17,涌峰投资,马宏
麦星,7.66 ,2009/2/20,麦星投资,--
武当5期,7.64 ,2009/3/10,武当资产,田荣华
中国龙价值八,7.63 ,2008/3/25,涌峰投资,马宏
世诚扬子3号,7.62 ,2010/12/30,世诚投资,陈家琳
鑫鹏1期,7.62 ,2007/12/20,金辉投资,阮杰
中国龙价值七,7.57 ,2008/3/25,涌峰投资,马宏
银叶1号,7.57 ,2009/4/30,银叶投资,--
慧安9号,7.55 ,2011/9/28,慧安投资,沈一慧
从容成长3期,7.55 ,2009/6/12,从容投资,吕俊
金中和2期,7.50 ,2009/3/18,金中和投资,--
睿策1期,7.50 ,2011/1/27,睿策投资,黄明
开宝1期,7.45 ,2007/11/19,开宝资产,叶猷建
中国龙价值,7.41 ,2007/5/31,涌峰投资,马宏
合赢,7.39 ,2007/10/9,盈峰资本,张冰 钱晓宇
从容优势二期,7.32 ,2008/4/18,从容投资,吕俊
名禹稳健增长,7.32 ,2010/9/26,名禹资产,王益聪
瑞华卓越,7.30 ,2010/4/9,瑞华投资,张建斌
从容优势一期,7.28 ,2008/4/8,从容投资,吕俊
量化投资一号,7.26 ,2011/3/11,--,--
达仁通宝2期,7.12 ,2011/4/27,达仁投资,刘翔
鑫安1期,7.05 ,2011/10/26,易鑫安,栾鑫
万丰友方稳健成长3..,6.95 ,2009/6/17,万丰友方,陈益和
朱雀14期,6.83 ,2010/1/5,朱雀投资,李华轮
融新74号(富恩德..,6.79 ,2010/11/15,富恩德,--
股贷双利1期,6.76 ,2010/1/20,--,--
武当12期,6.69 ,2009/6/10,武当资产,田荣华
中信华安,6.68 ,2011/11/4,华安基金,--
鸿道2期,6.61 ,2010/10/28,鸿道投资,孙建冬
朱雀19期,6.60 ,2011/4/21,朱雀投资,洪露 李华轮
民森D号,6.58 ,2009/12/20,民森投资,蔡明
财富(绿宝石),6.56 ,2011/6/16,格林施通,余军
禾木1号,6.51 ,2011/9/26,禾木资产,--
武当14期,6.49 ,2009/11/17,武当资产,田荣华
乾阳投资1期,6.48 ,2011/10/17,乾阳投资,何辉
泽熙4期,6.42 ,2010/7/7,泽熙投资,徐翔
金狮141号,6.38 ,2011/7/22,--,--
中信证券贵宾1号,6.37 ,2010/9/28,中信证券,杨喆 张晓亮 胡继光
久富1期,6.34 ,2011/5/10,久富投资,姜任飞 杜运志
泽熙2期,6.31 ,2010/6/11,泽熙投资,徐翔
从容优势三期,6.31 ,2008/7/18,从容投资,吕俊
朱雀17期,6.25 ,2010/10/8,朱雀投资,时红
银沙策略精选,6.25 ,2010/2/5,银沙创投,陈军
万丰友方稳健成长2..,6.20 ,2009/1/16,万丰友方,陈益和
合赢2期,6.19 ,2010/6/4,盈峰资本,张冰 曾昭雄
朱雀10期,6.09 ,2009/11/12,朱雀投资,李华轮
汇富3号(远策),6.05 ,2010/7/21,远策投资,张益驰
民森A号,5.92 ,2007/6/25,民森投资,蔡明
佳和恒生,5.89 ,2011/5/23,佳和恒生,刘一锋
国泰基金定向,5.73 ,2011/5/3,国泰基金,--
淡水泉卓越1期,5.64 ,2011/1/6,淡水泉,项志群
长江超越理财量化1..,5.53 ,2011/11/9,长江证券,--
慧安2号,5.46 ,2009/7/17,慧安投资,沈一慧
远策2期,5.44 ,2009/9/29,远策投资,张益驰
中行TOT成长组合..,5.44 ,2011/5/11,武当资产,--
联合成长1号,5.43 ,2008/1/3,众禄投资,裴晓岩
金中和5期,5.37 ,2009/6/8,金中和投资,--
朱雀9期,5.32 ,2010/1/7,朱雀投资,李华轮
嘉实股票精选1号,5.31 ,2008/8/18,嘉实基金,--
万丰友方稳健成长1..,5.28 ,2009/6/17,万丰友方,陈益和
慧安10期,5.17 ,2011/2/18,慧安投资,沈一慧
麦盛领航3期,5.16 ,2010/12/31,麦盛资产,李向鸿
先锋1号,5.13 ,2007/12/17,钧锋投资,陈湘义 童殿琳
源乐晟策略创新1期,5.11 ,2011/9/30,源乐晟,曾晓洁
淡水泉目标回报第6..,5.05 ,2011/11/28,淡水泉,项志群
远策5期,5.00 ,2010/2/10,远策投资,张益驰
喜马拉雅1期,5.00 ,2009/11/20,喜马拉雅,吴刚
赢隆珠江(长安投资..,4.95 ,2011/7/21,赢隆投资,罗兴文
武当13期,4.94 ,2009/8/13,武当资产,田荣华
精英之从容A,4.90 ,2009/9/17,从容投资,吕俊
升阳3期,4.87 ,2010/11/24,升阳资产,--
慧安6号,4.82 ,2010/12/7,慧安投资,沈一慧
浙商金惠2号,4.80 ,2010/11/15,浙商证券资产,周良 王翊 耿广棋 刘俊
远策1期,4.79 ,2009/9/29,远策投资,张益驰
睿信4期,4.77 ,2007/7/3,睿信投资,李振宁
道睿择1期,4.76 ,2011/11/10,道睿择投资,杨金
新价值16号,4.74 ,2010/6/25,新价值,罗伟广
睿信3期,4.70 ,2007/6/15,睿信投资,李振宁
万利富达,4.70 ,2007/3/20,万利富达投资,胡伟涛
小海豚,4.69 ,2008/9/8,小海豚,徐栋
武当11期,4.67 ,2009/6/18,武当资产,田荣华
远策4期,4.65 ,2009/11/3,远策投资,张益驰
利升1期,4.58 ,2010/11/24,利升锐华,--
淡水泉成长六期,4.55 ,2009/7/29,淡水泉,赵军
融裕9号奕金安3期,4.55 ,2011/1/27,奕金安投资,靳奕
云程泰增值,4.54 ,2007/8/1,云程泰,魏上云
国投瑞僖稳健收益,4.54 ,2009/3/20,国投信托,张志辉
泽熙1号,4.53 ,2010/3/5,泽熙投资,徐翔
金中和6期,4.53 ,2009/8/20,金中和投资,曾军 王阳
云程泰增值二期,4.50 ,2008/4/9,云程泰,魏上云
新价值11号,4.50 ,2010/7/16,新价值,罗伟广
淡水泉成长五期,4.49 ,2009/8/5,淡水泉,赵军
武当3期,4.48 ,2008/6/6,武当资产,田荣华
慧安1号,4.41 ,2009/5/19,慧安投资,沈一慧
金百镕1期,4.41 ,2009/11/13,金百镕,周枫
慧安7号,4.40 ,2011/1/26,慧安投资,沈一慧
朱雀8期,4.37 ,2009/6/1,朱雀投资,陈秋冬
武当9号,4.35 ,2009/5/8,武当资产,田荣华
广金成长,4.35 ,2007/12/25,广金投资,刘壮华 梁月广
精熙成长精选,4.33 ,2011/8/1,精熙投资,夏宁
投资精英之智德A,4.30 ,2010/4/8,智德投资,伍军
得利宝至尊10号,4.29 ,2010/10/2,远策投资,张益驰
慧安3号,4.28 ,2009/8/20,慧安投资,沈一慧
飞天1号,4.27 ,2009/6/24,国投信托,--
朱雀20期,4.26 ,2011/3/17,朱雀投资,李华轮
淡水泉成长一期,4.24 ,2007/9/6,淡水泉,赵军
奕金安2期,4.22 ,2010/4/16,奕金安投资,靳奕
富承,4.20 ,2011/12/30,信利投资,--
菁英时代成长3号,4.19 ,2010/9/10,菁英时代,陈宏超
和禄1号,4.19 ,2009/6/10,理想投资,于水
添宝1号,4.18 ,2011/8/2,添宝资产,--
国淼一期,4.15 ,2009/1/23,国淼投资,马泽
中国优质1号,4.13 ,2008/1/8,鹏远咨询,--
华夏优选1号,4.12 ,2009/11/30,东方远见,许勇
淡水泉精选1期,4.08 ,2010/7/5,淡水泉,赵军
睿信2期,4.08 ,2007/6/15,睿信投资,李振宁
淡水泉成长三期,4.07 ,2009/5/27,淡水泉,赵军
恒达通汇1期,4.02 ,2009/8/26,恒达通汇,沈一民
远策6期,3.99 ,2010/1/18,远策投资,张益驰
中国机会三期,3.98 ,2008/1/16,淡水泉,赵军
民森C号,3.98 ,2008/8/20,民森投资,蔡明
睿信成长1期,3.97 ,2010/1/8,睿信投资,李振宁
玖逸一期,3.92 ,2011/4/7,玖逸投资,战军涛
金狮196号,3.92 ,2011/5/20,--,--
远策3期,3.88 ,2009/10/20,远策投资,张益驰
东方远见5期,3.87 ,2010/11/22,东方远见,许勇
联合星辰(新),3.87 ,2011/4/18,齐鲁证券,--
瑞达1号,3.86 ,2011/12/29,瑞达投资,--
武当8号,3.86 ,2009/4/30,武当资产,田荣华
投资精英之朱雀A,3.86 ,2009/10/10,朱雀投资,李华轮
仙童1期(海南成长..,3.83 ,2010/5/5,仙童投资,张晓君
民森B号,3.80 ,2007/6/25,民森投资,蔡明
精英之淡水泉A,3.77 ,2009/9/21,淡水泉,赵军
浙商金惠3号,3.77 ,2010/12/1,浙商证券资产,周良 陈旻
精英之武当A,3.76 ,2009/9/17,武当资产,田荣华
淡水泉成长七期,3.74 ,2009/7/31,淡水泉,赵军
远策9期,3.73 ,2011/2/1,远策投资,张益驰
智德1期,3.71 ,2011/3/15,智德投资,伍军
金狮193号,3.71 ,2011/5/20,--,--
武当7号,3.70 ,2009/4/22,武当资产,田荣华
东方远见6期,3.68 ,2010/9/13,东方远见,许勇
建信稳健增值2期,3.64 ,2010/11/10,从容投资,吕俊
淡水泉成长九期,3.63 ,2009/11/3,淡水泉,赵军
金中和西鼎,3.59 ,2007/7/27,金中和投资,曾军
淡水泉成长四期,3.57 ,2009/6/8,淡水泉,赵军
朱雀12期,3.56 ,2009/11/23,朱雀投资,王欢
盈融达8号,3.54 ,2011/1/28,盈融达,曹湘军
武当6期,3.54 ,2009/3/27,武当资产,田荣华
朱雀5期,3.53 ,2009/5/15,朱雀投资,梁跃军
化工量化双核心策略,3.49 ,2010/6/10,外贸信托,费鹏
恒丰2号,3.49 ,2011/3/23,银沙创投,--
中睿合银9期,3.47 ,2011/1/10,中睿合银,刘睿
东方远见1期,3.45 ,2010/5/5,东方远见,许勇
奕金安一期,3.43 ,2009/7/27,奕金安投资,靳奕
天马,3.26 ,2006/9/11,天马资产,康晓阳
光大集结号收益型三..,3.25 ,2011/6/3,光大证券资产,谢锋 王杭
瀚信经典1期,3.18 ,2010/6/24,瀚信资产,蒋国云 陈鹏 李君
睿信1期,3.18 ,2011/4/27,睿信投资,吴欣
淡水泉成长十期A,3.17 ,2010/2/26,淡水泉,赵军
朱雀4期,3.15 ,2009/4/15,朱雀投资,梁跃军
鸿道1期,3.09 ,2010/4/8,鸿道投资,孙建冬
稳健增长,3.09 ,2007/12/26,尊嘉资产,宋炳山
聚益5号,3.08 ,2010/11/3,聚益投资,汤小生
亿龙中国,3.07 ,2006/4/18,涌金投资,刘红海
双赢7期(星石),3.05 ,2009/9/29,星石投资,江晖
武当4期,3.04 ,2008/8/11,武当资产,田荣华
得利宝至尊13号,3.04 ,2010/12/22,从容投资,吕俊
武当目标回报第3期,2.98 ,2011/7/11,武当资产,田荣华
大成灵活配置2期,2.97 ,2008/2/5,大成基金,杨建华
智德持续增长,2.92 ,2008/6/20,智德投资,伍军
长江二期A,2.91 ,2009/12/4,涌金投资,刘红海
东方远见7期,2.91 ,2011/4/29,东方远见,许勇
双赢6期(涌金),2.86 ,2009/9/29,外贸信托,--
鼎锋6期,2.86 ,2010/9/20,鼎锋资产,李霖君
聚益金典1号,2.80 ,2011/6/1,聚益投资,汤小生
明曜1期,2.76 ,2010/4/2,明曜投资,曾昭雄
建信稳健增值1期,2.72 ,2010/11/10,星石投资,江晖
远策8期,2.71 ,2010/11/22,远策投资,张益驰
弘酬精选1期,2.70 ,2011/5/13,智德投资,伍军
武当稳健增长,2.66 ,2010/11/16,武当资产,田荣华
淡水泉2008,2.63 ,2008/2/5,淡水泉,赵军
鸿道精英1号,2.62 ,2010/8/9,鸿道投资,--
鸿道3期,2.56 ,2010/11/3,鸿道投资,孙建冬
六禾财富东莞,2.55 ,2010/12/22,六禾投资,夏晓辉 赵立坚 王志强
积极策略尊享2号,2.54 ,2009/9/29,华夏基金,--
浙商金惠海宁钱潮,2.47 ,2011/3/3,浙商证券资产,周良 耿广棋 刘俊
朱雀18期,2.44 ,2010/9/30,朱雀投资,李华轮
麦尔斯通二期,2.44 ,2009/4/29,麦尔斯通,黄伟声
得利宝至尊12号,2.43 ,2010/11/3,星石投资,江晖
瑞象Alpha,2.41 ,2009/4/30,瑞象投资,陈军
非凡理财1号,2.41 ,2010/10/25,星石投资,--
智信创富1期,2.40 ,2011/3/15,智信创富,高锦洪
智德精选3期,2.38 ,2010/5/13,智德投资,伍军
归富长乐1号,2.35 ,2010/8/31,归富投资,张关心
金诚一号,2.35 ,2011/9/26,--,--
长金2号,2.34 ,2008/12/26,长金投资,郑晓军
星石9期,2.30 ,2009/3/4,星石投资,江晖
博颐精选,2.27 ,2008/2/5,博颐投资,徐大成
丰瑞世纪2期,2.25 ,2010/3/31,丰瑞世纪,--
牡丹石1期,2.25 ,2011/8/16,--,--
光大集结号收益型二..,2.24 ,2010/10/22,光大证券资产,--
博颐精选3期,2.14 ,2009/7/9,博颐投资,徐大成
大成基金灵活配置,2.12 ,2007/12/10,大成基金,杨建华
国泰君安君享富利,2.09 ,2010/10/27,国泰君安资产,唐洁 张骏 顾颉 徐志敏
星石17期,2.08 ,2009/12/3,星石投资,江晖
招商智远稳健4号,2.06 ,2010/12/24,招商证券,曾琦
星石21期,2.05 ,2011/6/20,星石投资,江晖
弘酬3期,2.02 ,2009/11/10,弘酬投资,王利峰
博颐稳健1期,2.01 ,2009/9/30,博颐投资,徐大成
鑫兰瑞,1.99 ,2008/8/26,中睿合银,刘睿
精英之星石A,1.97 ,2009/9/21,星石投资,江晖
星石20期,1.93 ,2010/8/18,星石投资,江晖
弘酬1号,1.88 ,2009/6/8,弘酬投资,--
泓谷成长2期,1.84 ,2011/5/19,泓谷投资,--
博颐精选2期,1.83 ,2008/10/21,博颐投资,徐大成
星石回报1期,1.83 ,2011/1/28,星石投资,江晖
星石15期,1.78 ,2009/6/10,星石投资,江晖
星石14期,1.78 ,2009/5/25,星石投资,江晖
六禾光辉岁月1期,1.73 ,2009/2/6,六禾投资,夏晓辉 王志强 陈信余
明达3期,1.73 ,2007/4/2,明达资产,刘明达
星石19期,1.73 ,2009/9/28,星石投资,江晖
稳健流动性管理,1.72 ,2011/4/29,--,--
道合,1.70 ,2007/9/13,道合投资,裴继伟 何宋勇
星石12期,1.70 ,2009/3/23,星石投资,江晖
星石18期,1.69 ,2009/9/16,星石投资,江晖
优化趋势策略(E-..,1.68 ,2011/1/5,--,--
红宝石(上信-H-..,1.67 ,2011/1/4,--,--
瀚信经典2期,1.60 ,2010/11/24,瀚信资产,陈鹏
菁英时代成长1号,1.59 ,2009/4/20,菁英时代,陈宏超
东方远见一期,1.58 ,2008/1/29,东方远见,--
合赢2期,1.58 ,2010/9/27,盈峰资本,张冰
呈瑞优势1期,1.53 ,2011/10/11,呈瑞投资,沈守传
双盈1号,1.49 ,2010/1/20,恒达通汇,--
浦江之星30号,1.46 ,2010/2/11,--,--
恒寅1号,1.42 ,2010/11/25,恒寅投资,严隽
理成转子3号,1.40 ,2010/11/12,理成资产,杨玉山 程义全
平安金牛一期,1.35 ,2007/1/16,上海金牛投资,--
远策11期,1.35 ,2011/4/21,远策投资,张益驰
智信创富2期,1.34 ,2011/9/19,智信创富,高锦洪
中睿合银8期,1.27 ,2010/12/13,中睿合银,刘睿
太极一号,1.26 ,2009/3/2,天隼投资,毛仁杰
双赢3期(朱雀),1.25 ,2010/7/22,--,--
聚益3号,1.24 ,2011/5/30,聚益投资,汤小生
谦石2号,1.18 ,2011/1/30,谦石投资,李追阳
中睿合银15期,1.17 ,2011/11/17,中睿合银,刘睿
光大阳光集结号混合..,1.14 ,2011/12/21,光大证券资产,--
鼎力超级成长,1.11 ,2010/11/11,鼎力投资,龙苏云 郝继伦 沈浩森
鑫兰瑞二期,1.09 ,2009/6/29,中睿合银,刘睿
得利宝至尊11号,1.07 ,2010/11/12,朱雀投资,李华轮
六禾财富竹溪,1.04 ,2010/7/5,六禾投资,夏晓辉 王志强 徐志云 
紫杉一期,1.00 ,2010/10/22,杉杉资产,余路明
云程泰3期,0.95 ,2011/7/15,云程泰,魏上云
太阳帆投资,0.88 ,2011/11/24,裕鼎理财,江伟
明曜精选1期,0.84 ,2009/6/19,明曜投资,曾昭雄
从容医疗2期,0.80 ,2010/10/11,从容投资,吕俊
瀚信成长2期,0.77 ,2010/2/12,瀚信资产,蒋国云
能宏1期,0.76 ,2010/12/22,--,--
从容成长5期,0.75 ,2009/10/16,从容投资,--
中航金航3号,0.72 ,2011/7/25,中航证券,帅再先 程敏 王锐
原君1期,0.71 ,2009/10/21,原君投资,--
朱雀15期,0.69 ,2010/2/9,朱雀投资,梁跃军
08融新82号,0.65 ,2011/5/6,君隆资产,--
麦尔斯通三期,0.65 ,2009/3/19,麦尔斯通,--
瀚信稳健2期,0.62 ,2010/12/16,瀚信资产,蒋国云
中睿合银6期,0.55 ,2010/6/21,中睿合银,--
朱雀7期,0.46 ,2009/5/18,朱雀投资,梁跃军
茂源1号,0.46 ,2009/5/11,茂源资本,孙满
友恒成长1期,0.43 ,2010/10/25,友恒投资,周洪兵
麦尔斯通一期,0.43 ,2008/7/17,麦尔斯通,黄伟声
智德精选5期,0.43 ,2010/8/19,智德投资,伍军
远策7期,0.42 ,2010/6/10,远策投资,张益驰
富锦7号(汇利),0.37 ,2010/8/27,汇利资产,何震
普邦恒升聚富2期,0.37 ,2009/7/21,普邦恒升,陈文涛
中睿合银3期,0.36 ,2010/1/8,中睿合银,刘睿
同威增值4期,0.33 ,2010/7/16,同威资产,李驰
至尊6号六禾成长,0.24 ,2010/3/5,六禾投资,夏晓辉 王志强 陈信余
朱雀11期,0.18 ,2009/12/8,朱雀投资,李华轮
睿富1号,0.18 ,2011/6/24,睿富投资,--
宁电1期,0.18 ,2010/12/31,宁电投资,葛鹏
融裕22号(精熙2..,0.17 ,2010/7/8,精熙投资,夏宁
东兴金选1号,0.17 ,2011/4/1,东兴证券,汪乐平 卢洋 靳雪翔
中信证券贵宾5号,0.15 ,2011/7/18,中信证券,胡继光 何玄文
盈捷九头鸟3期,0.13 ,2009/5/13,盈捷投资,--
新价值2期,0.08 ,2010/2/9,新价值,罗伟广 李涛 范波
长余1号,0.08 ,2011/12/2,综艺控股,陈磊
武当17期,0.04 ,2010/3/18,武当资产,田荣华
中睿合银5期,0.04 ,2010/3/25,中睿合银,刘睿
混沌价值增长,0.00 ,2011/5/25,混沌投资,王歆
源乐晟8期,-0.03 ,2010/9/30,源乐晟,曾晓洁
瀚信稳健1期,-0.06 ,2010/7/6,瀚信资产,蒋国云
中睿合银4期,-0.09 ,2010/3/18,中睿合银,刘睿
融新85号(超盛一..,-0.09 ,2010/11/18,超盛投资,林超航
汇利优选,-0.14 ,2008/7/18,汇利资产,何震
联合成长3号,-0.16 ,2008/7/7,众禄投资,--
普邦恒升聚富,-0.23 ,2008/7/1,普邦恒升,陈文涛
汇利优选10期,-0.23 ,2011/1/31,汇利资产,何震
中睿吉祥管家一期,-0.26 ,2009/5/25,中睿合银,刘睿
盈捷5期,-0.31 ,2010/2/10,盈捷投资,--
融裕6号(精熙3期..,-0.33 ,2011/1/26,精熙投资,王征
智德二期,-0.37 ,2009/1/22,智德投资,伍军
星石1期,-0.42 ,2007/7/30,星石投资,江晖
武当10期,-0.47 ,2009/5/22,武当资产,田荣华
中睿合银二期,-0.47 ,2009/7/6,中睿合银,刘睿
金狮143号,-0.48 ,2011/7/22,从容投资,吕俊
得利宝至尊九号,-0.48 ,2010/12/16,君富投资,王进
联合成长2号,-0.48 ,2008/2/13,众禄投资,裴晓岩
建信积极成长1期,-0.49 ,2011/4/12,从容投资,吕俊
星石6期,-0.50 ,2008/6/30,星石投资,江晖
星石4期,-0.51 ,2008/2/2,星石投资,江晖
星石16期,-0.51 ,2009/7/20,星石投资,江晖
星石7期,-0.54 ,2008/8/20,星石投资,江晖
星石10期,-0.54 ,2009/3/12,星石投资,江晖
君利稳健收益(龙赢..,-0.56 ,2010/8/16,龙赢富泽,童第轶
星石5期,-0.57 ,2008/4/28,星石投资,江晖
星石13期,-0.57 ,2009/5/21,星石投资,江晖
紫晶石选优(上信-..,-0.57 ,2011/3/23,光大资产,吴元皓
星石11期,-0.57 ,2009/3/18,星石投资,江晖
中睿合银7期,-0.57 ,2010/12/20,中睿合银,刘睿
中鼎盈丰二期,-0.59 ,2010/4/23,瀚信资产,蒋国云
同威增值1期,-0.60 ,2009/6/25,同威资产,--
星石2期,-0.61 ,2007/7/30,星石投资,江晖
中信证券贵宾2号,-0.62 ,2011/1/13,中信证券,杨喆 张晓亮 胡继光
星石3期,-0.62 ,2007/8/27,星石投资,江晖
盈融达3号,-0.66 ,2010/12/20,盈融达,--
德谷3期,-0.68 ,2011/8/19,--,--
瀚信成长5期,-0.69 ,2010/3/29,瀚信资产,蒋国云
星石8期,-0.76 ,2009/1/21,星石投资,江晖
金源1号,-0.78 ,2010/5/5,长安信托,李莹
金狮110号,-0.78 ,2011/9/30,--,--
尚雅12期,-0.79 ,2010/5/28,尚雅投资,常昊 石波
精熙辰龙二期,-0.79 ,2011/4/15,精熙投资,--
华西锦诚1号,-0.83 ,2010/7/29,华西证券,--
丰瑞世纪1期,-0.88 ,2009/12/18,丰瑞世纪,--
溪牛一期,-0.94 ,2010/10/13,--,--
财富宝,-0.95 ,2010/2/10,国投信托,--
景林稳健,-0.99 ,2006/10/31,景林资产,蒋锦志
普邦恒升(华金1期..,-0.99 ,2010/12/31,普邦恒升,陈文涛
融裕瀚信成长10期,-1.00 ,2010/8/18,瀚信资产,蒋国云
沃胜1期,-1.02 ,2010/12/2,沃胜资产,魏延军
朱雀3期,-1.03 ,2009/7/29,朱雀投资,李华轮
银石1期,-1.08 ,2010/12/30,银石投资,丘海云
朱雀16期,-1.11 ,2010/8/18,朱雀投资,李华轮
朱雀2期,-1.15 ,2007/9/17,朱雀投资,李华轮
彩瑞3期,-1.15 ,2010/8/6,彩瑞投资,--
上善远行1期,-1.16 ,2011/7/15,上善御富,刘鹰
上善御富风险缓冲1..,-1.19 ,2011/11/15,上善御富,刘鹰
从容医疗精选,-1.19 ,2011/3/15,从容投资,吕俊
融裕33号六禾财富..,-1.19 ,2010/11/1,六禾投资,赵立坚 王志强 夏晓辉
朱雀1期,-1.19 ,2007/9/17,朱雀投资,李华轮
天富3号(瀚信成长..,-1.23 ,2010/4/9,瀚信资产,蒋国云
穿石品质生活,-1.23 ,2011/1/4,穿石投资,蔡生俭
金狮186号,-1.29 ,2011/5/20,--,--
融兴进取,-1.33 ,2009/5/13,胜乾投资,--
金狮194号,-1.38 ,2011/5/20,--,--
六禾财富银盏一期,-1.40 ,2008/3/26,六禾投资,--
公益,-1.41 ,2011/4/13,东方红,--
申银万国宝鼎一期,-1.44 ,2010/3/26,申银万国,张涵 牟纪祥
瀚信成长1期,-1.44 ,2010/2/11,瀚信资产,蒋国云
朱雀合伙专项,-1.44 ,2009/3/30,朱雀投资,李华轮
塔晶老虎1期,-1.50 ,2007/12/11,塔晶投资,冷再清
汇利优选2期,-1.58 ,2009/3/20,汇利资产,何震
朱雀13期,-1.58 ,2009/12/10,朱雀投资,张延鹏
瀚信成长4期,-1.62 ,2010/4/29,瀚信资产,蒋国云
呈瑞2期,-1.72 ,2011/4/28,呈瑞投资,沈守传
东方港湾马拉松,-1.74 ,2007/2/28,东方港湾,但斌
中诚主题精选,-1.78 ,2009/5/20,凯石益正资产,--
新同方,-1.78 ,2007/7/12,新同方,王连恒 刘迅
中信证券贵宾3号,-1.80 ,2011/4/15,中信证券,杨喆 程伟庆 胡继光
敦和1期,-1.83 ,2011/6/27,敦和投资,--
泰瓴-泰九2期,-1.84 ,2010/10/29,泰瓴资产,文江 张林涛
智德精选,-1.89 ,2009/4/28,智德投资,伍军
瑞象丰年,-1.97 ,2007/12/27,瑞象投资,陈军
鼎辉1号,-1.97 ,2008/11/28,鼎陶朱辉,段焰伟
建信积极成长2期,-2.00 ,2011/4/12,尚雅投资,常昊 石波
双赢8期(尚雅),-2.08 ,2009/9/29,尚雅投资,常昊 石波
鹏远核心一期,-2.12 ,2008/2/21,鹏远咨询,--
美联融通1期,-2.17 ,2007/10/30,美联融通,汪立家
东北证券融通一期,-2.17 ,2011/5/20,东北证券,许文波 赵志海 郭来生
大包巷1号,-2.17 ,2011/9/15,大包巷投资,包周荣
投资精英之汇利A,-2.17 ,2009/10/26,汇利资产,何震
瀚信成长6期,-2.20 ,2010/6/9,瀚信资产,蒋国云
泰达鼎晟1期,-2.31 ,2011/11/4,泰达鼎晟,邓继军
星石22期,-2.31 ,2010/11/23,星石投资,江晖
金狮144号(凯石..,-2.32 ,2011/9/20,凯石益正资产,陈继武
玖阳一号,-2.33 ,2011/5/19,玖阳投资,曹素生
金狮109号,-2.43 ,2011/9/30,--,--
猎豹1期,-2.46 ,2010/8/24,鼎祥赢瑞,张德涛
铭远2期,-2.48 ,2010/1/31,铭远投资,韩跃峰
宁聚申万,-2.48 ,2011/7/27,宁聚投资,谢叶强 葛鹏
瀚信价值2期,-2.49 ,2011/4/29,瀚信资产,蒋国云
励石一号,-2.52 ,2007/12/28,励石投资,肖世明
明曜目标回报第5期,-2.53 ,2011/9/27,明曜投资,曾昭雄
六禾财富越秀,-2.56 ,2011/4/13,六禾投资,夏晓辉
增强41号西域03..,-2.57 ,2011/4/12,西域投资,周水江 李方祥
龙马,-2.57 ,2007/11/16,柏恩投资,龙小波
汇势通1号,-2.58 ,2011/7/27,汇势通,--
汇势通1期,-2.58 ,2011/7/1,汇势通,谢华鹏
泰瓴3期,-2.58 ,2010/11/15,泰瓴资产,张林涛 文江
汇富4号(汇利优选..,-2.59 ,2009/7/24,汇利资产,何震 侯逸
铭远巴克莱,-2.60 ,2008/8/21,铭远投资,韩跃峰
金狮116号,-2.62 ,2011/10/21,--,--
新同方2期,-2.62 ,2008/3/28,新同方,--
汇利3期,-2.67 ,2010/6/10,汇利资产,何震
朱雀二期A,-2.68 ,2010/7/13,朱雀投资,李华轮
润晖稳健增值,-2.69 ,2010/8/20,润晖资产,闵昱
东方红先锋2号,-2.82 ,2010/2/24,东方红,顾凌云 朱伯胜
新价值20期,-2.91 ,2011/1/12,新价值,罗伟广
东方红先锋1号,-2.91 ,2010/1/7,东方红,李竞 顾凌云 林树财
金瀛2期,-2.93 ,2011/1/31,金瀛投资,--
六禾财富瓯越,-3.01 ,2010/11/29,六禾投资,徐志云 夏晓辉 王志强
天马成长,-3.03 ,2010/12/1,天马资产,康晓阳
金效3号,-3.04 ,2011/11/16,金效投资,--
从容成长7期,-3.05 ,2010/10/11,从容投资,吕俊
理成转子4号,-3.05 ,2011/5/4,理成资产,杨玉山 孟诚
泰瓴-泰九1期,-3.06 ,2010/10/19,泰瓴资产,张林涛 文江
挺浩一期,-3.07 ,2010/9/17,挺浩投资,康浩平
尚雅11期,-3.11 ,2010/4/23,尚雅投资,石波 常昊
从容优势7期,-3.21 ,2010/12/30,从容投资,吕俊
融新354号(广晟..,-3.21 ,2011/8/15,广晟财富,刘海影
中睿合银12期,-3.21 ,2011/8/26,中睿合银,刘睿
尚雅16期,-3.22 ,2010/12/2,尚雅投资,石波 常昊
双赢1期(瀚信),-3.22 ,2010/8/27,瀚信资产,蒋国云
汇利5期,-3.24 ,2010/5/26,汇利资产,何震
铭远3期,-3.31 ,2010/10/22,铭远投资,韩跃峰
呈瑞5期,-3.34 ,2011/7/7,呈瑞投资,沈守传 杨类禹
理成风景3号,-3.41 ,2011/10/10,理成资产,杨玉山 田晓军
新价值9期,-3.45 ,2010/9/2,新价值,罗伟广
春天1号(上善御富..,-3.47 ,2010/8/9,上善御富,刘鹰 康晓云
中睿吉祥管家10期,-3.47 ,2011/1/21,中睿合银,刘睿
谦石1期,-3.48 ,2011/6/1,谦石投资,李追阳
金狮192号,-3.49 ,2011/5/20,--,--
泽融一期,-3.52 ,2011/3/11,泽融投资,--
融新317号国理价..,-3.54 ,2011/1/26,国理投资,岳政
富安达安晟1号,-3.55 ,2010/7/12,富安达投资,--
尚雅9期,-3.57 ,2010/2/11,尚雅投资,石波 常昊
中睿合银11期,-3.60 ,2011/8/12,中睿合银,--
紫晶石(上信-T-..,-3.61 ,2010/3/24,--,--
恒盈1期,-3.61 ,2011/7/1,恒盈投资,韩俊刚
银河福星1号,-3.72 ,2010/9/21,银河证券,郑锦斐 沈涛 宫德 吴春龙
东莞旗峰财富1号,-3.80 ,2011/9/6,东莞证券,--
林园,-3.83 ,2007/2/28,林园投资,林园
金狮181号,-3.84 ,2010/1/12,凯石益正资产,陈继武
东方红先锋6号,-3.88 ,2011/3/10,东方红,姜荷泽
理成风景1号,-3.89 ,2008/9/10,理成资产,程义全
明达2期,-3.90 ,2006/10/24,明达资产,刘明达
从容5期,-3.93 ,2011/1/25,从容投资,吕俊
至尊26号,-3.95 ,2011/12/5,汇利资产,何震
泰石1期,-3.99 ,2008/5/23,泰石投资,车克
财富成长3期,-4.02 ,2010/10/18,财富成长,--
投资精英之尚雅A,-4.12 ,2010/8/31,尚雅投资,石波 常昊
博时2号,-4.14 ,2011/7/1,博时投资,--
财富成长2期,-4.16 ,2010/9/20,财富成长,李映东 唐雪来 丁昌
精熙成长红利,-4.17 ,2011/10/21,精熙投资,夏宁
从容内需医疗,-4.28 ,2011/6/10,从容投资,吕俊
铭远4期,-4.28 ,2011/1/17,铭远投资,韩跃峰
财富成长8期,-4.29 ,2010/12/20,财富成长,--
建源财富成长,-4.34 ,2010/1/18,建元天华,赵建光
以太,-4.36 ,2007/7/20,以太投资,--
鼎陶朱辉2期,-4.38 ,2010/11/5,鼎陶朱辉,段焰伟
简适2期,-4.40 ,2011/2/11,简适投资,--
从容医疗1期,-4.43 ,2010/6/30,从容投资,吕俊
瑞银财富1号,-4.45 ,2010/11/11,瑞银证券,赖晶铭
智诚2期,-4.52 ,2009/6/12,智诚海威,张弩
金域蓝湾1期,-4.63 ,2007/12/3,金域蓝湾,--
鼎润1期,-4.68 ,2011/1/12,鼎润投资,陈宇杰
光大集结号混合型一..,-4.72 ,2010/1/28,光大证券资产,聂昕 卓致勤 谢锋
隐形冠军3期,-4.80 ,2010/9/3,京富融源,李彦炜
凯信1号,-4.82 ,2009/7/20,凯石益正资产,陈继武
得利宝-至尊7号,-4.85 ,2010/7/9,凯石益正资产,陈继武
凯石三期A,-4.89 ,2010/1/11,凯石益正资产,程俊豪
融泰1号,-4.94 ,2011/7/26,华融泰资产,陈亮
蕴泽1号,-4.96 ,2011/1/6,西藏信托,王晶 陶骜
龙鼎3号,-5.03 ,2010/8/2,龙鼎投资,冯为民
丰煜如意理财一期,-5.08 ,2010/1/11,丰煜投资,刘峰
东方红先锋3号,-5.11 ,2010/7/8,东方红,姜荷泽 林树财
方圆奥特1期,-5.13 ,2010/9/7,方圆奥特,杨云
中欧瑞博一期,-5.14 ,2008/1/25,中欧瑞博,吴伟志
鼎力价值成长1期,-5.17 ,2011/5/18,鼎力投资,沈浩森 龙苏云 郝继伦
理成转子5号,-5.18 ,2011/4/27,理成资产,田晓军
嘉伦1号,-5.21 ,2010/12/9,嘉伦投资,--
丰煜如意理财二期,-5.22 ,2010/8/27,丰煜投资,刘峰
林园3期,-5.24 ,2007/9/20,林园投资,林园
德谷6期,-5.35 ,2011/8/5,--,--
翼虎成长1期,-5.41 ,2008/3/20,翼虎投资,余定恒
智诚7期,-5.42 ,2011/1/19,智诚海威,卢伟强 卢源
睿信5期,-5.46 ,2010/9/28,睿信投资,李振宁
财富成长4期,-5.47 ,2010/11/15,财富成长,--
鼎天聚富(智远1期..,-5.53 ,2010/5/31,鼎天投资,--
德丰华1期,-5.59 ,2010/8/18,德丰华投资,戴勇毅
同瑞汇金1期,-5.68 ,2011/3/7,同瑞汇金,涂刚
昊润1期,-5.71 ,2011/7/22,昊润资产,赵立坚
智德精选6期,-5.72 ,2010/12/9,智德投资,伍军
君富持续增长一期,-5.75 ,2008/7/3,君富投资,--
明渝霄阳2号,-5.82 ,2011/1/11,明渝霄阳,罗斌
理成转子2号,-5.83 ,2009/7/15,理成资产,程义全
林园2期,-5.86 ,2007/9/17,林园投资,林园
得利宝至尊8号,-5.89 ,2010/8/16,尚雅投资,常昊 石波
同威2期,-5.89 ,2009/3/2,同威资产,李驰
景富趋势成长一期,-5.99 ,2010/12/1,景富投资,祝巍
富锦8号(尚雅),-6.01 ,2010/8/27,尚雅投资,常昊 石波
宏利2期,-6.10 ,2008/6/2,龙赢富泽,童第轶
和聚鼎宝1期,-6.11 ,2011/9/29,北京和聚投资,李泽刚
翼虎成长3期,-6.11 ,2011/5/5,翼虎投资,余定恒
渝信壹号,-6.20 ,2010/5/21,穿石投资,蔡生俭
恒盈复利增长1号,-6.25 ,2011/7/28,恒盈投资,韩俊刚
海昊福山,-6.35 ,2011/10/21,海昊投资,--
投资精英之翼虎A,-6.60 ,2011/9/15,翼虎投资,余定恒
朱雀1期,-6.60 ,2008/12/17,朱雀投资,张延鹏
呈瑞价值1期,-6.63 ,2011/12/13,呈瑞投资,杨类禹 梅琳燕
龙赢一号,-6.66 ,2010/4/21,龙赢富泽,童第轶
冠俊5号(成长策略..,-6.68 ,2011/5/12,冠俊资产,刘俊
麦盛领航1期,-6.68 ,2010/5/10,麦盛资产,--
海昊1号,-6.68 ,2008/6/17,海昊投资,曾文海
精熙辰龙一期,-6.76 ,2011/5/13,--,--
景良能量1期,-6.80 ,2008/3/4,景良投资,廖黎辉
瑞天价值成长,-6.80 ,2008/7/7,瑞天投资,李鹏
睿信,-6.88 ,2007/2/8,睿信投资,李振宁
和美1期,-6.90 ,2010/10/21,多和美,张益凡
先锋6号Ⅱ期,-6.93 ,2011/6/8,东方红,张锋 姜荷泽
普邦恒升宏利,-6.93 ,2011/9/23,普邦恒升,陈文涛
武当1期,-7.29 ,2007/11/12,武当资产,田荣华
斯达克成长一期,-7.37 ,2010/11/1,斯达克,张建宇 李文辉
金贝壳1号,-7.40 ,2010/5/20,金贝壳,黄明新
金诚富利1期,-7.45 ,2010/3/31,同亿富利,黄树军
海天二期,-7.50 ,2011/1/21,新海天,--
翼虎成长2期,-7.58 ,2010/11/19,翼虎投资,余定恒
国投飞天4号,-7.77 ,2010/5/19,国投信托,师晨冰 高静
呈瑞6期,-7.91 ,2011/8/18,呈瑞投资,--
智诚3期,-8.03 ,2009/9/21,智诚海威,张弩
国弘2期,-8.13 ,2009/9/28,国弘资产,--
甬江十六号(第二期..,-8.13 ,2011/10/28,理成资产,程义全 杨玉山
金狮120号,-8.24 ,2011/12/16,--,--
龙腾,-8.26 ,2008/1/23,龙腾资产,吴险峰
国投凯益,-8.37 ,2009/5/12,凯石益正资产,陈继武
合正普惠1期,-8.39 ,2011/12/19,合正普惠,许彤 冯宇辉
永达1期,-8.51 ,2011/9/9,永达投资,--
浦江之星48号,-8.56 ,2011/4/8,--,--
增强42号,-8.59 ,2011/3/16,西域投资,廖育良 宋豹 周水江
美红1号,-8.62 ,2010/10/18,富灵投资,灵犀
智诚4期,-8.78 ,2010/6/11,智诚海威,张弩
智诚5期,-8.79 ,2010/5/31,智诚海威,张弩
龙腾3期,-8.88 ,2010/11/12,龙腾资产,吴险峰
瑞天3期,-9.19 ,2010/12/28,瑞天投资,李鹏
京福1号,-9.21 ,2008/9/26,京福资产,陈山
银信宝,-9.29 ,2008/1/4,恒运盛投资,张安东
华夏中富1号,-9.41 ,2011/1/7,华夏中富,--
吉杨1号,-9.45 ,2011/3/24,富灵投资,灵犀
至尊19号,-9.57 ,2011/4/11,国淼投资,马泽
呈瑞4期,-9.60 ,2011/4/27,呈瑞投资,杨类禹 沈守传
融新181号(贝塔..,-9.65 ,2011/6/7,贝塔投资,汤立新
长金6号,-9.70 ,2010/3/15,长金投资,--
兆信1期,-9.72 ,2010/5/21,兆信资产,马骏
呈瑞3期,-9.72 ,2011/4/15,呈瑞投资,杨类禹 沈守传
世通1期,-9.81 ,2008/2/18,康庄资产,常士杉
景泰复利回报一期,-9.82 ,2007/9/7,景泰利丰,张英飚
景泰复利回报二期,-9.84 ,2008/1/8,景泰利丰,张英飚
宝晟1期,-10.01 ,2011/3/7,--,--
千华策略一期A,-10.06 ,2011/7/5,千华投资,岳爱民
中行TOT成长组合..,-10.12 ,2011/5/11,--,--
从容医疗3期,-10.14 ,2011/2/11,从容投资,吕俊
盈捷九头鸟1期,-10.28 ,2009/3/23,盈捷投资,李少伟
从容稳健1期,-10.32 ,2009/5/8,从容投资,吕俊
长安投资33号,-10.42 ,2011/10/18,柏恩投资,--
景泰复利回报1期,-10.42 ,2010/1/6,景泰利丰,张英飚
鹏诚二期,-10.44 ,2011/1/7,鹏诚资产,廖春晖
京福2号,-10.49 ,2009/6/1,京福资产,陈山
国弘1期,-10.54 ,2009/5/18,国弘资产,--
中欧瑞博1期,-10.61 ,2008/12/1,中欧瑞博,吴伟志
君丰1期,-10.63 ,2007/12/20,君丰资本,谢爱龙
尚雅14期,-10.63 ,2010/8/2,尚雅投资,常昊 石波
瑞天5期,-10.65 ,2011/1/31,瑞天投资,李鹏
尚道乾坤合伙基金,-10.73 ,2011/9/15,尚道投资,谢柳毅
东海精选1号,-10.86 ,2010/7/19,东海证券,梁游 丁颖 王宝舟
时策1期,-10.98 ,2008/1/17,时策投资,--
明河成长,-11.02 ,2011/4/25,明河投资,张翎
汇利优选6期(富锦..,-11.05 ,2010/6/7,汇利资产,周小峰 何震
郎基金一号,-11.07 ,2011/6/20,高汉新豪,--
中智合信1期,-11.17 ,2011/10/21,中智合信,--
双盈二号,-11.20 ,2011/5/9,双盈企业,--
富民1期,-11.35 ,2011/3/3,君创富民,童学军
思想者一号(2),-11.37 ,2011/9/28,思想者,曾三
双赢9期(从容),-11.40 ,2009/9/29,外贸信托,--
从容成长8期,-11.56 ,2010/4/27,从容投资,吕俊
天眷精英一号,-11.60 ,2011/7/28,鹏达双鑫,--
海润达一期,-11.64 ,2011/12/29,海润达,--
尚雅4期,-11.65 ,2008/2/18,尚雅投资,常昊 石波
冠俊3号,-11.71 ,2011/2/15,冠俊资产,刘俊
宝晟2期,-11.74 ,2011/9/28,--,--
财富成长01期,-11.93 ,2010/7/29,财富成长,丁昌 李映东 唐雪来
鑫柏源1号,-12.03 ,2011/6/20,鑫柏源,--
西域-光华59,-12.12 ,2010/9/2,西域投资,周水江
从容稳健3期,-12.23 ,2009/3/25,从容投资,吕俊
冠俊6号,-12.45 ,2011/5/10,冠俊资产,刘俊
冠俊2号,-12.53 ,2011/1/31,冠俊资产,刘俊
成长策略1期,-12.53 ,2011/1/31,--,--
盈捷九头鸟2期,-12.55 ,2009/3/18,盈捷投资,李少伟
齐鲁金泰山2号(展..,-12.57 ,2010/7/16,齐鲁证券,黄奕 杜旭东 佘中强 邓亮 刘保民 徐炜哲 郭鹏 韩晓光
尚雅5期,-12.61 ,2009/4/23,尚雅投资,常昊 石波
美红2号,-12.67 ,2010/12/29,富灵投资,灵犀
明河价值一期,-12.92 ,2010/6/25,明河投资,张翎
尚雅6期,-12.96 ,2009/6/10,尚雅投资,常昊 石波
龙动力一期,-12.98 ,2010/12/1,柏恩投资,潘明洪
从容稳健2期,-13.09 ,2009/3/18,从容投资,吕俊
尚雅2期,-13.22 ,2007/12/29,尚雅投资,常昊 石波
华信1号(2),-13.36 ,2011/12/20,尊嘉资产,陈明亮 宋炳山
募旗汇金一期,-13.41 ,2011/12/5,募旗汇金,周思
新价值1期,-13.43 ,2010/5/14,新价值,张旭 罗伟广
景泰复利回报4期,-13.44 ,2010/12/1,景泰利丰,张英飚
国轩,-13.54 ,2008/4/28,南方汇金,徐伟
尚雅3期,-13.55 ,2007/12/3,尚雅投资,常昊 石波
隐形冠军一期,-13.68 ,2009/5/8,京富融源,李彦炜
尚雅1期,-13.85 ,2007/11/21,尚雅投资,常昊 石波
汇阳汇峰,-13.97 ,2008/3/31,汇阳汇峰投资,--
龙腾5期,-14.03 ,2010/9/28,龙腾资产,吴险峰
凯石风险缓冲1期,-14.12 ,2011/7/29,凯石益正资产,--
龙票1期,-14.48 ,2008/1/29,龙票资产,曾祥文
图原精选1期,-14.56 ,2009/12/29,图原资产,吴雄伟
龙腾9期,-14.71 ,2011/3/15,龙腾资产,汪小安
赑元成长1期,-14.74 ,2008/12/10,赑元资产,宣震
证大稳健,-14.89 ,2008/6/6,证大投资,刘兵
世通5期,-14.96 ,2011/4/11,康庄资产,常士杉
弘益1期,-15.00 ,2011/12/27,--,--
弘益2期,-15.00 ,2011/12/27,--,--
世通嫦娥奔月,-15.22 ,2011/1/26,康庄资产,常士杉
盈捷九头鸟4期,-15.38 ,2010/11/19,盈捷投资,李少伟
尚诚,-15.69 ,2007/3/28,尚诚资产,肖华
炎生1期,-15.70 ,2011/8/31,炎生投资,刘浩
长安投资55号,-16.03 ,2011/7/22,世泽投资,雷磊
尚雅7期,-16.05 ,2009/6/29,尚雅投资,常昊 石波
洲浚1号,-16.09 ,2010/9/28,洲浚投资,许周军
尚雅8期,-16.17 ,2010/7/28,尚雅投资,常昊 石波
金海财富成长1号,-16.20 ,2011/3/15,金海资产,--
鑫增长1号,-16.29 ,2008/1/10,鑫增长,罗文军
泰信矢量,-16.38 ,2011/7/1,泰信基金,李剑君 邹毅
同威1期,-16.43 ,2008/8/8,同威资产,李驰
汇富17号(隐形冠..,-16.43 ,2010/7/28,京富融源,李彦炜
财富成长6期,-16.49 ,2010/12/13,财富成长,--
东海精选5号,-17.20 ,2011/8/19,东海证券,陈敏 梁游 朱玺 杨欣
济海远航1期,-17.62 ,2010/11/29,济海投资,--
坤阳乾坤一号,-17.64 ,2007/8/23,坤阳资产,陈敏
融新316号玖歌投..,-17.97 ,2010/9/16,玖歌投资,--
国信证券1期,-18.43 ,2008/2/5,国信证券,李晓峰
海天一期,-18.48 ,2010/3/5,新海天,--
精熙优胜回报1期,-19.42 ,2011/11/17,精熙投资,夏宁
顶石成长1号,-19.49 ,2011/1/24,顶石投资,--
鸿逸1号,-19.77 ,2010/12/16,鸿逸投资,张云逸
融兴进取2号,-19.88 ,2010/10/20,金汇海,--
彩瑞五期,-20.01 ,2011/7/29,彩瑞投资,--
岁腾1号,-20.30 ,2009/3/12,凯石益正资产,吴振中 陈继武
智博方略快乐人生1..,-21.29 ,2008/3/21,智博方略,白洁
证大价值,-21.40 ,2007/10/29,证大投资,姜榕
新价值3期,-22.02 ,2008/2/15,新价值,黄云轩 李东辉 罗伟广
新价值12号,-22.50 ,2010/5/14,新价值,黄云轩 范波 罗伟广
猎豹2期,-22.56 ,2011/1/1,鼎祥赢瑞,张德涛
融金29号风格一期,-22.80 ,2011/4/15,风格汇,孙世涛
新价值,-22.91 ,2007/11/15,新价值,陈延泰 张旭 罗伟广
融新293号(金河..,-23.11 ,2010/11/19,金河投资,金贤昌
东海精选2号,-23.60 ,2011/5/3,东海证券,曾祥顺 丁颖 王劲松
长安投资127号,-23.91 ,2011/11/7,黑鹰投资,--
得利宝至尊15号,-23.91 ,2011/2/23,--,杨典
中风投一号,-24.97 ,2010/4/23,汇鑫诚通,刘志博
金股典,-25.05 ,2008/3/20,华银精治,--
亿方博二期,-25.85 ,2011/8/28,亿方博,谢一峰
智博方略2期,-26.49 ,2011/5/13,智博方略,--
德银创鑫1期,-27.22 ,2011/12/31,德银资产,曾革
新价值19期,-30.75 ,2010/11/30,新价值,刘昌春 罗伟广
有道1号,-33.05 ,2011/9/8,有道投资,--
新价值10期,-33.22 ,2010/3/12,新价值,范波 罗伟广
简适亨通,-33.44 ,2009/10/9,简适投资,--
新价值4号,-34.76 ,2009/6/26,新价值,张旭 罗伟广
新价值5号,-35.31 ,2009/8/31,新价值,罗伟广
亿信财富二期,-35.36 ,2011/4/29,涌泉亿信,艾亮
亿信财富一期,-35.67 ,2011/3/9,涌泉亿信,艾亮
新价值8号,-36.57 ,2010/3/25,新价值,李东辉 罗伟广
新价值2期,-38.58 ,2008/2/19,新价值,罗伟广
新价值成长一期A,-39.80 ,2009/12/15,新价值,罗伟广
