产品简称,当年收益%,成立日期,投资顾问,投资经理
新价值2期,192.57,2008/2/19,新价值,罗伟广
新价值,156.47,2007/11/15,新价值,罗伟广 陈延泰 张旭
晋龙1号,147.32,2007/8/28,东方证券,杨达治
景良能量1期,144.89,2008/3/4,景良投资,廖黎辉
开宝1期,143.68,2007/11/19,开宝资产,叶猷建
龙腾,141.98,2008/1/23,龙腾资产,吴险峰
尚雅4期,139.25,2008/2/18,尚雅投资,石波 常昊
海洋之星1号,136.71,2007/9/30,东方证券,周博胜
宏利2期,135.24,2008/6/2,龙赢富泽,童第轶
尚雅3期,134.46,2007/12/3,尚雅投资,石波 常昊
美联融通1期,122.61,2007/10/30,美联融通,汪立家
瑞象丰年,121.59,2007/12/27,瑞象投资,陈军
淡水泉成长一期,121.03,2007/9/6,淡水泉,赵军
淡水泉2008,121.02,2008/2/5,淡水泉,赵军
新价值3期,120.89,2008/2/15,新价值,罗伟广 黄云轩 李东辉
翼虎成长1期,111.59,2008/3/20,翼虎投资,余定恒
混沌1号,110.79,2008/10/21,混沌投资,王歆
龙鼎1号,107.65,2008/7/22,龙鼎投资,--
广金成长,106.81,2007/12/25,广金投资,刘壮华 梁月广
乐晟精选,103.57,2008/7/8,源乐晟,曾晓洁
尚雅2期,101.55,2007/12/29,尚雅投资,石波 常昊
国信证券1期,100.41,2008/2/5,国信证券,李晓峰
向日葵1号,98.54,2008/4/22,向日葵,陈靖吾
尚诚,98.07,2007/3/28,尚诚资产,肖华
尚雅1期,96.59,2007/11/21,尚雅投资,石波 常昊
重阳1期,96.24,2008/9/5,重阳投资,裘国根
海洋之星2号,91.67,2007/11/21,理成资产,--
重阳2期,91.53,2008/12/12,重阳投资,裘国根
睿信3期,90.82,2007/6/15,睿信投资,李振宁
睿信2期,88.08,2007/6/15,睿信投资,李振宁
世诚扬子2号,87.76,2008/4/18,世诚投资,陈家琳
合赢,86.26,2007/10/9,盈峰资本,钱晓宇 张冰
云程泰增值,85.78,2007/8/1,云程泰,魏上云
睿信4期,85.77,2007/7/3,睿信投资,李振宁
海昊1号,85.21,2008/6/17,海昊投资,曾文海
云程泰增值二期,85.1,2008/4/9,云程泰,魏上云
睿信,83.34,2007/2/8,睿信投资,李振宁
平安价值投资一期,83,2006/6/12,惠理基金,谢清海
林园2期,81,2007/9/17,林园投资,林园
龙票1期,79.02,2008/1/29,龙票资产,曾祥文
银信宝,78.15,2008/1/4,恒运盛投资,张安东
朱雀1期,77.47,2007/9/17,朱雀投资,李华轮
鑫兰瑞,75.9,2008/8/26,中睿合银,刘睿
朱雀2期,75.63,2007/9/17,朱雀投资,李华轮
林园,75.03,2007/2/28,林园投资,林园
君丰1期,74.7,2007/12/20,君丰资本,谢爱龙
林园3期,73.71,2007/9/20,林园投资,林园
鑫地1期,72.31,2008/1/15,鑫地投资,--
武当2期,71.94,2007/12/19,武当资产,--
鼎锋成长一期,71.7,2008/11/4,鼎锋资产,张高
理成风景1号,70.65,2008/9/10,理成资产,程义全
万利富达,70.16,2007/3/20,万利富达投资,胡伟涛
友翔投资一期(原嘉..,70.08,2008/2/18,友翔投资,--
东方港湾马拉松,70.02,2007/2/28,东方港湾,但斌
泓湖1期,69.65,2007/2/16,泓湖投资,梁文涛
鑫增长1号,68.24,2008/1/10,鑫增长,罗文军
先锋1号,67.78,2007/12/17,钧锋投资,陈湘义 童殿琳
同威1期,66.84,2008/8/8,同威资产,李驰
武当1期,65.87,2007/11/12,武当资产,田荣华
从容优势二期,65.63,2008/4/18,从容投资,吕俊
平安金牛一期,65.58,2007/1/16,上海金牛投资,--
平安启明星,64.53,2007/6/15,柘弓投资,--
君富持续增长一期,64.23,2008/7/3,君富投资,--
景泰复利回报二期,64.23,2008/1/8,景泰利丰,张英飚
京福1号,63.56,2008/9/26,京福资产,陈山
从容优势一期,63.51,2008/4/8,从容投资,吕俊
民森A号,63.48,2007/6/25,民森投资,蔡明
武当4期,63.28,2008/8/11,武当资产,田荣华
大成灵活配置2期,63.01,2008/2/5,大成基金,杨建华
朱雀1期,61.9,2008/12/17,朱雀投资,张延鹏
隆圣二号,60.32,2007/11/7,隆圣投资,--
隆圣一号,59.76,2007/11/7,隆圣投资,--
民森B号,59.59,2007/6/25,民森投资,蔡明
世通1期,59.14,2008/2/18,康庄资产,常士杉
明达,59.07,2005/11/28,明达资产,刘明达
武当3期,58.66,2008/6/6,武当资产,田荣华
平安德丰,58.49,2007/2/8,盛海投资,--
中国机会三期,57.42,2008/1/16,淡水泉,赵军
民森C号,57.36,2008/8/20,民森投资,蔡明
隆圣四号,57.17,2007/11/20,隆圣投资,--
泰石1期,56.99,2008/5/23,泰石投资,车克
隆圣三号,56.88,2007/11/20,隆圣投资,--
天马,56.77,2006/9/11,天马资产,康晓阳
博颐精选,55.92,2008/2/5,博颐投资,徐大成
麦尔斯通一期,54.53,2008/7/17,麦尔斯通,黄伟声
景林稳健,54.42,2006/10/31,景林资产,蒋锦志
鼎辉1号,53.67,2008/11/28,鼎陶朱辉,段焰伟
长金2号,52.97,2008/12/26,长金投资,郑晓军
立华合伙1期,52.94,2008/9/26,立华投资,王政
博颐精选2期,52.91,2008/10/21,博颐投资,徐大成
景泰复利回报一期,52.55,2007/9/7,景泰利丰,张英飚
lighthors..,52.26,2006/10/9,天马资产,康晓阳
瑞天价值成长,52.02,2008/7/7,瑞天投资,李鹏
汇利优选,50.9,2008/7/18,汇利资产,何震
灵活配置2号,50.08,2008/11/27,华夏基金,--
从容优势三期,50.01,2008/7/18,从容投资,吕俊
三羊卓越1期,49.38,2008/10/7,三羊资产,--
明达2期,48.45,2006/10/24,明达资产,刘明达
证大价值,47.68,2007/10/29,证大投资,姜榕
灵活配置1号,47.05,2008/11/27,华夏基金,--
智德持续增长,46.77,2008/6/20,智德投资,伍军
六禾财富银盏一期,45.28,2008/3/26,六禾投资,--
普邦恒升聚富,44.76,2008/7/1,普邦恒升,陈文涛
顶石一期,44.5,2008/9/25,顶石投资,--
金中和1期,44.43,2008/11/3,金中和投资,刘国平
汉华,44.07,2007/9/7,汉华资产,--
景林丰收,43.75,2007/3/30,景林资产,蒋锦志
高特佳添富,43.71,2008/4/9,高特佳,--
中国龙价值,43.67,2007/5/31,涌峰投资,马宏
中国龙价值四,43.62,2007/9/29,涌峰投资,--
中国龙价值二,43.6,2007/7/17,涌峰投资,马宏
平安证大一期,43.52,2007/2/5,证大投资,朱南松
中国龙价值三,43.42,2007/9/24,涌峰投资,--
中国龙价值七,42.91,2008/3/25,涌峰投资,马宏
基业长青进取型,42.77,2007/8/24,华宝信托,--
平安证大价值三期,42.34,2007/8/30,证大投资,--
中国龙价值八,42.14,2008/3/25,涌峰投资,马宏
中国龙价值六,41.37,2007/12/4,涌峰投资,马宏
证大增长二期,41.26,2007/6/15,证大投资,--
中国龙进取,40.63,2004/6/15,涌峰投资,李莉芳
国贸盛乾一期,40.27,2008/4/29,国贸盛乾,--
坤阳乾坤一号,40.02,2007/8/23,坤阳资产,陈敏
东方远见一期,39.72,2008/1/29,东方远见,--
联合成长2号,39.69,2008/2/13,众禄投资,裴晓岩
以太,39.5,2007/7/20,以太投资,--
明达3期,38.63,2007/4/2,明达资产,刘明达
宁博1期,38.19,2008/9/12,宁博资产,--
金中和西鼎,37.77,2007/7/27,金中和投资,曾军
中国龙价值五,37.51,2007/11/22,涌峰投资,马宏
励石一号,37.5,2007/12/28,励石投资,肖世明
联合成长1号,37.33,2008/1/3,众禄投资,裴晓岩
时策1期,36.72,2008/1/17,时策投资,--
金域蓝湾1期,36.1,2007/12/3,金域蓝湾,--
金股典,35.95,2008/3/20,华银精治,--
证大稳健,35.44,2008/6/6,证大投资,刘兵
国投华夏精选,35.28,2007/12/24,华夏基金,--
鑫巢盛利,35.02,2008/5/22,鑫巢资本,--
联合成长3号,34.06,2008/7/7,众禄投资,--
大成基金灵活配置,34.01,2007/12/10,大成基金,杨建华
红山1期,33.55,2007/9/6,红山投资,李雅非
金泰瑞丰,32.99,2008/5/8,中金公司,--
瑞智一期,32.92,2007/12/28,平安证券,--
红山2期,31.62,2007/9/7,红山投资,--
07093平安步步..,31.56,2007/9/19,平安证券,--
嘉实股票精选1号,31.18,2008/8/18,嘉实基金,--
中国龙稳健二,30.24,2008/1/29,涌峰投资,--
中国龙资本,29.97,2003/8/1,涌峰投资,赵凯
星石4期,29.94,2008/2/2,星石投资,江晖
星石2期,29.92,2007/7/30,星石投资,江晖
星石6期,29.91,2008/6/30,星石投资,江晖
星石1期,29.81,2007/7/30,星石投资,江晖
铭远巴克莱,29.8,2008/8/21,铭远投资,韩跃峰
星石3期,29.79,2007/8/27,星石投资,江晖
星石7期,29.52,2008/8/20,星石投资,江晖
星石5期,29.43,2008/4/28,星石投资,江晖
中欧瑞博一期,29.09,2008/1/25,中欧瑞博,吴伟志
中国龙稳健三,28.63,2008/2/5,涌峰投资,--
汇阳汇峰,28.49,2008/3/31,汇阳汇峰投资,--
亿龙中国,28.19,2006/4/18,涌金投资,刘红海
中国优质1号,27.54,2008/1/8,鹏远咨询,--
鹏远核心一期,25.75,2008/2/21,鹏远咨询,--
赑元成长1期,25.44,2008/12/10,赑元资产,宣震
中欧瑞博1期,24.55,2008/12/1,中欧瑞博,吴伟志
国轩,24.5,2008/4/28,南方汇金,徐伟
中国龙二,23.75,2008/5/14,涌峰投资,--
华夏三号,23.32,2008/1/21,富舟投资,--
杰凯一期,23.12,2008/4/29,杰凯资产,--
新东风成长证券,22.84,2008/9/12,沃园投资,--
小海豚,22.58,2008/9/8,小海豚,徐栋
中国龙稳健,22.22,2006/12/26,涌峰投资,赵凯
华夏四号,21.46,2008/1/23,富舟投资,--
晓牛一号,21.27,2008/1/3,晓牛资产,--
道合,20.9,2007/9/13,道合投资,裴继伟 何宋勇
合德丰泰,20.81,2008/3/15,合德丰泰,王宇
道合2期,19.49,2007/11/20,道合投资,--
汉华1期,17.85,2008/8/28,汉华资产,--
中国龙精选,16.75,2007/6/15,涌峰投资,王庆华
中国龙增长,16.5,2007/4/30,涌峰投资,王庆华
博鸿智富一号,16.49,2008/9/10,博鸿投资,姚卫东
中国龙精选二,16.24,2008/8/8,涌峰投资,王庆华
新同方,16.15,2007/7/12,新同方,刘迅 王连恒
中国龙增长二,14.95,2007/10/19,涌峰投资,王庆华
中国龙增长五,14.91,2007/11/20,涌峰投资,--
智博方略快乐人生1..,14.7,2008/3/21,智博方略,白洁
中国龙增长六,14.59,2007/11/8,涌峰投资,--
新同方2期,13.18,2008/3/28,新同方,--
龙马,12.69,2007/11/16,柏恩投资,龙小波
华夏二号,12.67,2007/12/26,富舟投资,--
龙马2期,12.11,2008/2/4,柏恩投资,--
合志同方一号,11.3,2008/1/29,新同方,刘迅
晓牛新动力,9,2008/9/25,晓牛资产,--
未尔弗一期,8,2008/4/16,未尔弗,--
证券套利,7.47,2008/1/28,国泰君安,--
鑫鹏1期,7.08,2007/12/20,金辉投资,阮杰
塔晶老虎1期,5.89,2007/12/11,塔晶投资,冷再清
瑞琴1号,4.92,2008/8/15,瑞琴投资,--
国投瑞僖稳健增强,3.68,2008/12/24,瑞银证券,--
塔晶狮王,3.5,2007/9/3,塔晶投资,冷再清
塔晶狮王二号,1.39,2007/10/8,塔晶投资,冷再清
塔晶华南虎一号,0.2,2007/10/24,塔晶投资,--
创赢1号,-1.18,2008/12/18,宝银创赢,崔军
